date,close,volume
9/8/2010,23.87,28013700
9/7/2010,22.3,11588900
9/6/2010,22.28,21341900
9/3/2010,22.1,33322100
9/2/2010,22.72,37229900
9/1/2010,22.8,31838800
8/31/2010,22,56156500
8/30/2010,20.57,16775300
8/27/2010,37.43,5782600
8/26/2010,37.78,13414100
8/25/2010,35.54,10324900
8/24/2010,36.8,7799600
8/23/2010,37.4,8269800
8/20/2010,36.74,9265300
8/19/2010,37.65,12112400
8/18/2010,38.49,12428600
8/17/2010,38.84,10170000
8/16/2010,38.45,0
8/13/2010,38.48,14486200
8/12/2010,35.2,12631400
8/11/2010,37.99,5937600
8/10/2010,38.43,6711500
8/9/2010,38.34,6964100
8/6/2010,36.9,5039600
8/5/2010,36,7156000
8/4/2010,36.32,8803900
8/3/2010,35.25,11222900
8/2/2010,33.68,8540900
7/30/2010,33.52,3920600
7/29/2010,34,4200200
7/28/2010,33.8,4216700
7/27/2010,33.48,2361900
7/26/2010,33.64,5026700
7/23/2010,31.55,2967600
7/22/2010,31.59,2942700
7/21/2010,31.29,4924700
7/20/2010,30.67,6332900
7/19/2010,29.36,4485300
7/16/2010,28,2479200
7/15/2010,27.65,2622200
7/14/2010,27.99,3214600
7/13/2010,27.82,2671000
7/12/2010,27.77,4124700
7/9/2010,27.94,4561000
7/8/2010,26.99,3238500
7/7/2010,26.98,6105900
7/6/2010,26.23,4414300
7/5/2010,25.1,3024900
7/2/2010,25.86,9922000
7/1/2010,26.74,9023900
6/30/2010,29.45,3817600
6/29/2010,28.61,6580800
6/28/2010,29.93,6868200
6/25/2010,30,7173900
6/24/2010,32.71,2305000
6/23/2010,33.2,2967500
6/22/2010,33.18,6438900
6/21/2010,33.74,11775500
6/18/2010,36.72,0
6/17/2010,36.73,4342800
6/11/2010,37.64,7423400
6/10/2010,36.91,2493600
6/9/2010,37.02,2158900
6/8/2010,36.45,2284600
6/7/2010,36.65,2543800
6/4/2010,36.75,2979600
6/3/2010,35.93,5238500
6/2/2010,34.1,4999400
6/1/2010,35.21,3041300
5/31/2010,36.71,5408400
5/28/2010,37.64,7835200
5/27/2010,38.04,3967800
5/26/2010,36.69,1181200
5/25/2010,37.12,1997600
5/24/2010,36.93,2932100
5/21/2010,36.2,1622400
5/20/2010,35.62,1207500
5/19/2010,36.24,2010000
5/18/2010,35.84,3212600
5/17/2010,35.48,1705500
5/14/2010,36.16,3298900
5/13/2010,34.9,3080400
5/12/2010,33.11,4702400
5/11/2010,34.24,3709900
5/10/2010,35,4586100
5/7/2010,37.03,3158900
5/6/2010,37.89,4186100
5/5/2010,37.94,2488700
5/4/2010,37.63,2387500
4/30/2010,37.37,5254500
4/29/2010,38.41,2479900
4/28/2010,38.5,5053300
4/27/2010,37.71,3122200
4/26/2010,37.83,3129000
4/23/2010,38.53,2160300
4/22/2010,38.81,3798500
4/21/2010,38.63,7420100
4/20/2010,36.83,4227000
4/19/2010,36.61,3914300
4/16/2010,35.79,2282800
4/15/2010,35.43,3789400
4/14/2010,35.9,6898900
4/13/2010,34.94,11005100
4/12/2010,37.76,6402900
4/9/2010,37.7,2667600
4/8/2010,37.96,2387100
4/7/2010,38.24,3144800
4/6/2010,37.27,2820900
4/2/2010,37.18,2916200
4/1/2010,37.63,2411800
3/31/2010,37.5,2441200
3/30/2010,37.88,2808000
3/29/2010,37.59,2678200
3/26/2010,37.1,2580500
3/25/2010,36.83,2646000
3/24/2010,37.28,3831700
3/23/2010,37.71,4623600
3/22/2010,36.98,3478100
3/19/2010,36.18,2594800
3/18/2010,35.04,1727100
3/17/2010,35.06,3267600
3/16/2010,33.72,830700
3/15/2010,33.77,1661300
3/12/2010,34,1311100
3/11/2010,34.12,1374000
3/10/2010,33.39,2548200
3/9/2010,33.97,2674800
3/8/2010,34.5,2769200
3/5/2010,32.88,2014900
3/4/2010,32.98,2600800
3/3/2010,33.1,1998700
3/2/2010,33.35,3562000
3/1/2010,32.6,4226800
2/26/2010,32.37,2168200
2/25/2010,32.57,4693700
2/24/2010,33.35,3670800
2/23/2010,33.02,4636700
2/22/2010,30.59,1878700
2/12/2010,30.31,1398400
2/11/2010,30.04,1293900
2/10/2010,30.4,2747100
2/9/2010,29.3,1872300
2/8/2010,28.98,2263700
2/5/2010,29.86,2787700
2/4/2010,30.33,5326800
2/3/2010,29.61,0
2/2/2010,29.61,2343300
2/1/2010,30.19,3736800
1/29/2010,29.05,2946800
1/28/2010,28.28,1733000
1/27/2010,28.49,3542400
1/26/2010,28.34,4594600
1/25/2010,29.47,1998100
1/22/2010,29.51,3666300
1/21/2010,30.32,4393000
1/20/2010,31.24,7773000
1/19/2010,30.27,5720300
1/18/2010,29.7,7840000
1/15/2010,28.62,7845600
1/14/2010,27.38,2962600
1/13/2010,26.99,2974200
1/12/2010,27.11,2103500
1/11/2010,27.02,2754000
1/8/2010,27.18,2840900
1/7/2010,26.78,2936400
1/6/2010,27,3130000
1/5/2010,27.57,3056800
1/4/2010,27.46,7215900
12/31/2009,26.52,4790000
12/30/2009,26.33,0
12/29/2009,26.33,2000900
12/28/2009,26.21,2200900
12/25/2009,26.17,2999500
12/23/2009,25.25,1819500
12/22/2009,24.82,2857400
12/21/2009,26.05,4476600
12/18/2009,25.75,3144600
12/17/2009,25.6,3116700
12/16/2009,26.63,2069600
12/15/2009,27.13,1462200
12/14/2009,27.28,2928500
12/11/2009,26.95,1547900
12/10/2009,26.93,2919000
12/9/2009,27.45,3911500
12/8/2009,27.33,3289500
12/7/2009,27.06,3698500
12/4/2009,26.55,8165900
12/3/2009,27.99,4745600
12/2/2009,28.44,6040600
12/1/2009,27.25,5447100
11/30/2009,26.86,6992700
11/27/2009,24.42,5860500
11/26/2009,24.82,7655900
11/25/2009,26.33,5603200
11/24/2009,25.44,7157600
11/23/2009,26.93,5440300
11/20/2009,26.61,9166900
11/19/2009,27.54,13963600
11/18/2009,26.16,13111800
11/17/2009,23.78,5550100
11/16/2009,23.12,5623900
11/13/2009,22.93,7269300
11/12/2009,21.63,0
11/11/2009,21.63,0
11/10/2009,21.42,8824400
11/9/2009,20.22,3420400
11/6/2009,20.68,5776400
11/5/2009,20.85,3099300
11/4/2009,20.75,3761400
11/3/2009,20.93,7792700
11/2/2009,20.63,7567200
10/30/2009,19.47,4759500
10/29/2009,19.3,3587600
10/28/2009,19.84,3455100
10/27/2009,19.82,5193000
10/26/2009,20.75,4399800
10/23/2009,20.39,4902100
10/22/2009,20.31,4540200
10/21/2009,20.79,9356100
10/20/2009,20.13,6969800
10/19/2009,20.29,7348700
10/16/2009,20.33,6325600
10/15/2009,20.13,6478000
10/14/2009,20.63,11306900
10/13/2009,20.12,14240700
10/12/2009,18.62,5775300
10/9/2009,18.71,9440100
9/30/2009,17.38,4421700
9/29/2009,16.98,3733300
9/28/2009,16.82,4973700
9/25/2009,16.82,3222100
9/24/2009,16.66,3185600
9/23/2009,16.55,5968400
9/22/2009,17.4,8785700
9/21/2009,17.31,5906100
9/18/2009,16.9,6027000
9/17/2009,17.39,6991200
9/16/2009,16.99,6211700
9/15/2009,17.29,11166600
9/14/2009,17.38,11539800
9/11/2009,15.8,4779100
9/10/2009,15.84,3616100
9/9/2009,16.33,3699800
9/8/2009,16.43,3800500
9/7/2009,16.37,6702500
9/4/2009,16.1,4284800
9/3/2009,15.9,4323800
9/2/2009,15.17,1822200
9/1/2009,15.1,3608600
8/31/2009,14.77,4437900
8/28/2009,15.85,4087100
8/27/2009,16.7,6146100
8/26/2009,16.66,8930100
8/25/2009,16.37,13953900
8/24/2009,16.27,8443900
8/21/2009,15.54,6434500
8/20/2009,14.88,4274200
8/19/2009,14.46,9152300
8/18/2009,14.15,4314700
8/17/2009,13.83,4679300
8/14/2009,15.07,4396800
8/13/2009,15.63,3580200
8/12/2009,15.71,4979200
8/11/2009,16.43,7934800
8/10/2009,15.8,5897900
8/7/2009,15.56,6271600
8/6/2009,16.21,5718800
8/5/2009,16.51,7767100
8/4/2009,16.61,8922600
8/3/2009,16.53,9203700
7/31/2009,16.57,18454200
7/29/2009,15.77,13804700
7/28/2009,15.42,6473900
7/27/2009,15.59,5008400
7/24/2009,15.51,5708600
7/23/2009,15.81,7004500
7/22/2009,15.48,7164100
7/21/2009,15.4,9854300
7/20/2009,16.05,10077300
7/17/2009,16.04,12042900
7/16/2009,16.19,24941400
7/15/2009,15.63,24774500
7/14/2009,14.21,6972200
7/13/2009,13.89,6366600
7/10/2009,14.03,4754500
7/9/2009,14.17,4697300
7/8/2009,14.31,6717500
7/7/2009,13.94,8076600
7/6/2009,13.8,10080200
7/3/2009,14.63,9408500
7/2/2009,14.27,6281500
7/1/2009,14.35,5130800
6/30/2009,14.15,6153200
6/29/2009,14.05,7373800
6/26/2009,14.03,5822300
6/25/2009,14.01,14031800
6/24/2009,13.17,3899900
6/23/2009,13.18,6672400
6/22/2009,13,7432800
6/18/2009,13.09,7382300
6/17/2009,13.42,9858200
6/16/2009,12.92,7981800
6/15/2009,12.47,7989200
6/12/2009,12.2,8185000
6/11/2009,14.55,15023600
6/10/2009,13.93,9480000
6/9/2009,13.81,8765600
6/8/2009,13.32,5825600
6/5/2009,13.02,3740900
6/4/2009,13.13,6629600
6/3/2009,13.41,17660400
6/1/2009,13.18,12086700
5/27/2009,12.94,8861300
5/26/2009,12.51,4172300
5/25/2009,12.29,2738200
5/22/2009,12.46,4196100
5/21/2009,12.36,3329900
5/20/2009,12.83,4696700
5/19/2009,12.8,3386300
5/18/2009,12.73,2043000
5/15/2009,12.83,3949600
5/14/2009,12.75,3460100
5/13/2009,12.73,5412600
5/12/2009,12.95,2858800
5/11/2009,12.6,6742000
5/8/2009,13.15,6394800
5/7/2009,13.29,8230800
5/6/2009,13.73,11787400
5/5/2009,13.04,5983000
5/4/2009,13.2,7707700
4/30/2009,12.83,8512300
4/29/2009,13.08,7852400
4/28/2009,12.9,6251300
4/27/2009,12.81,12123300
4/24/2009,13.12,14819700
4/23/2009,12.67,9839000
4/22/2009,12.33,13230700
4/21/2009,11.83,4198700
4/17/2009,11.97,4051400
4/16/2009,12.34,9347900
4/15/2009,11.97,7815700
4/14/2009,11.82,5973000
4/13/2009,11.86,10501800
4/10/2009,11.63,7206100
4/9/2009,10.95,2404300
4/8/2009,10.61,3778100
4/7/2009,11.4,3468600
4/3/2009,11.45,3600900
4/2/2009,11.26,7325800
4/1/2009,11.5,7860500
3/31/2009,11.78,4520800
3/30/2009,11.47,6661700
3/27/2009,11.9,7255700
3/26/2009,12.19,8203700
3/25/2009,11.32,6787000
3/24/2009,11.15,6230600
3/23/2009,10.82,3626100
3/20/2009,10.81,4993300
3/19/2009,10.99,4271900
3/18/2009,10.89,4386100
3/17/2009,11,4298200
3/16/2009,10.65,2960400
3/13/2009,10.5,4564600
3/12/2009,10.38,4665200
3/11/2009,10.29,3503300
3/10/2009,10.47,3707600
3/9/2009,10.33,7273900
3/6/2009,11.31,5433400
3/5/2009,11.62,6758200
3/4/2009,11.97,9602500
3/3/2009,11.67,11306200
3/2/2009,11.31,8895000
2/27/2009,10.28,8531800
2/26/2009,10.68,14845300
2/25/2009,11.26,15497400
2/24/2009,10.64,14219400
2/23/2009,9.9,10021800
2/20/2009,9.37,10957300
2/19/2009,8.8,8266500
2/18/2009,8.4,7915900
2/17/2009,8.41,10489100
2/16/2009,8.95,14088500
2/13/2009,8.32,8428500
2/12/2009,8.14,4587900
2/11/2009,8.21,8890500
2/10/2009,8.3,15929100
2/9/2009,8.03,9380200
2/6/2009,7.91,9096700
2/5/2009,7.71,11618300
2/4/2009,7.78,11044100
2/2/2009,7.07,3572300
1/23/2009,6.93,5275100
1/22/2009,7.23,4292900
1/21/2009,7.26,2759400
1/20/2009,7.34,6084000
1/19/2009,7.57,6546300
1/16/2009,7.57,7476700
1/15/2009,7.09,5004700
1/14/2009,7.2,6287600
1/13/2009,6.68,7028100
1/12/2009,7.07,7080400
1/9/2009,6.59,3833900
1/8/2009,6.55,3147600
1/7/2009,6.65,5087200
1/6/2009,6.59,7253000
1/5/2009,6.3,4564000
12/31/2008,5.98,3369000
12/30/2008,5.98,4069300
12/29/2008,5.98,2947900
12/26/2008,6.21,6213200
12/25/2008,6.33,7166800
12/24/2008,6.2,4735300
12/23/2008,6.12,3849100
12/22/2008,6.25,5545300
12/19/2008,6.2,11036100
12/18/2008,5.95,5020300
12/17/2008,5.91,8612000
12/16/2008,5.86,5541500
12/15/2008,5.53,2998300
12/12/2008,5.41,5948100
12/11/2008,5.77,5152300
12/10/2008,6.01,6585400
12/9/2008,6.1,3579300
12/8/2008,6.36,6197700
12/5/2008,6.06,4657500
12/4/2008,5.93,8002800
12/3/2008,5.94,8764500
12/2/2008,5.5,6496400
12/1/2008,5.33,4902300
11/28/2008,5.16,4582400
11/27/2008,4.9,5672100
11/26/2008,4.8,2807900
11/25/2008,4.8,6159300
11/24/2008,4.94,11877100
11/21/2008,5.34,6626900
11/20/2008,5.29,7091100
11/19/2008,5.44,7382300
11/18/2008,5.05,7775000
11/17/2008,5.37,8678800
11/14/2008,5.22,7170200
11/13/2008,4.82,6424400
11/12/2008,4.53,4626200
11/11/2008,4.29,5782500
11/10/2008,4.48,6946100
11/7/2008,4.1,4679400
11/6/2008,3.95,3211300
11/5/2008,3.95,4826200
11/4/2008,3.87,4486400
11/3/2008,3.68,1997000
10/31/2008,3.64,3675000
10/30/2008,3.52,4972100
10/29/2008,3.53,3752900
10/28/2008,3.64,2178800
10/27/2008,3.61,1142500
10/24/2008,3.87,1395600
10/23/2008,3.81,953600
10/22/2008,3.7,1413700
10/21/2008,3.84,1686300
10/20/2008,3.77,1237500
10/17/2008,3.65,1418200
10/16/2008,3.58,1154700
10/15/2008,3.83,1161500
10/14/2008,3.74,1595600
10/13/2008,3.88,1519000
10/10/2008,3.82,1556800
10/9/2008,4.16,806400
10/8/2008,4.22,1006900
10/7/2008,4.42,1825500
10/6/2008,4.32,1254300
9/26/2008,4.64,2044700
9/25/2008,4.62,2315800
9/24/2008,4.51,1145700
9/23/2008,4.42,2271900
9/22/2008,4.9,4178400
9/19/2008,4.76,2276000
9/18/2008,4.33,2160700
9/17/2008,4.48,3137800
9/16/2008,4.67,2076600
9/12/2008,4.8,1737800
9/11/2008,4.8,1546700
9/10/2008,5.02,869000
9/9/2008,5.03,905000
9/8/2008,4.96,911300
9/5/2008,5.3,940800
9/4/2008,5.64,818000
9/3/2008,5.63,1233900
9/2/2008,5.6,459000
9/1/2008,5.55,1215500
8/29/2008,5.69,1209600
8/28/2008,5.46,411000
8/27/2008,5.48,742100
8/26/2008,5.47,781900
8/25/2008,5.72,526200
8/22/2008,5.69,1213800
8/21/2008,5.76,1502300
8/20/2008,5.99,2296300
8/19/2008,5.49,1498500
8/18/2008,5.37,1625400
8/15/2008,5.92,1829000
8/14/2008,5.89,753200
8/13/2008,5.9,1241800
8/12/2008,5.98,2822500
8/11/2008,6.02,2355100
8/8/2008,6.56,1606900
8/7/2008,7.29,578800
8/6/2008,7.22,689000
8/5/2008,7.14,940500
8/4/2008,7.35,1147400
8/1/2008,7.69,1717500
7/31/2008,7.54,1874000
7/30/2008,7.97,2231500
7/29/2008,8.18,1658000
7/28/2008,8.37,3341400
7/25/2008,8.48,8978400
7/24/2008,8.46,5115600
7/23/2008,8.14,4954500
7/22/2008,8.02,4983300
7/21/2008,7.81,4475200
7/18/2008,7.68,5054000
7/17/2008,7.99,7505400
7/16/2008,7.68,2054100
7/15/2008,8.02,2352500
7/14/2008,8.31,1840600
7/11/2008,8.05,2048300
7/10/2008,8.09,2758100
7/9/2008,8.29,2842200
7/8/2008,8.04,3035700
7/7/2008,7.81,2602400
7/4/2008,7.3,1371400
7/3/2008,7.38,2040800
7/2/2008,7.11,1190800
7/1/2008,7.11,1807300
6/30/2008,7.65,3466200
6/27/2008,7.63,2940800
6/26/2008,7.88,2722800
6/25/2008,7.71,3122100
6/24/2008,7.22,1909800
6/23/2008,7.02,1511800
6/20/2008,7.21,2512700
6/19/2008,7.06,2651900
6/18/2008,7.72,3054700
6/17/2008,7.25,2019500
6/16/2008,7.59,1981100
6/13/2008,7.48,1941400
6/11/2008,8.31,1868000
6/10/2008,8.89,1649100
6/6/2008,9.88,2639300
6/5/2008,9.53,1413200
6/4/2008,9.45,1162400
6/3/2008,9.45,1355300
6/2/2008,9.71,1238900
5/30/2008,9.76,2646700
5/29/2008,9.56,2067300
5/28/2008,10.1,3057100
5/27/2008,9.62,1659300
5/26/2008,9.59,2306000
5/22/2008,9.81,3900600
5/21/2008,10.39,4844600
5/20/2008,10.2,3927000
5/19/2008,11.33,3206900
5/16/2008,11.33,5879200
5/15/2008,12.19,7550100
5/14/2008,12.2,8245700
5/13/2008,12.46,11876100
5/12/2008,11.73,7533000
5/9/2008,11.35,8433500
5/8/2008,11.2,6972700
5/7/2008,10.67,12168300
5/6/2008,11.07,15598800
5/5/2008,10.8,14575400
4/30/2008,9.82,9759300
4/29/2008,9.52,11055200
4/28/2008,9.87,5360100
4/25/2008,10.55,8470500
4/24/2008,9.79,8024700
4/23/2008,8.9,4692200
4/22/2008,8.1,2631100
4/21/2008,8.22,3229400
4/18/2008,8.42,1482700
4/17/2008,9,1721400
4/16/2008,9.41,1345800
4/15/2008,9.73,1920500
4/14/2008,9.55,2657500
4/11/2008,10.3,2721100
4/10/2008,9.87,3188700
4/9/2008,9.91,2048000
4/8/2008,10.84,2289000
4/7/2008,10.6,2221300
4/3/2008,9.95,1481800
4/2/2008,9.76,3227900
4/1/2008,10.52,3666400
3/31/2008,11.58,1413500
3/28/2008,12.5,2351500
3/27/2008,12.32,2341000
3/26/2008,13.69,3123800
3/25/2008,14.15,3958300
3/21/2008,13.8,4553600
3/20/2008,13.27,6087100
3/19/2008,13.19,6318300
3/18/2008,13.11,1447600
3/14/2008,15.94,1346000
3/13/2008,16.19,2370400
3/12/2008,16.41,2226100
3/11/2008,17.02,1848100
3/10/2008,17.19,3227400
3/7/2008,17.17,2103000
3/6/2008,16.96,2816000
3/5/2008,16.6,1984400
3/4/2008,17.03,2478700
3/3/2008,17.46,2473700
2/29/2008,16.74,1244200
2/28/2008,16.53,2167000
2/27/2008,16.2,1365400
2/26/2008,16.21,1664200
2/25/2008,16.1,4502500
2/22/2008,16.89,2234800
2/21/2008,17.3,1907600
2/20/2008,17.48,2206900
2/19/2008,17.92,3134800
2/18/2008,17.88,3134700
2/15/2008,17,1589500
2/14/2008,17.07,2361800
2/13/2008,16.86,1267600
2/5/2008,16.82,2755900
2/4/2008,17.04,5004000
2/1/2008,15.8,4158100
1/31/2008,16.57,3518700
1/30/2008,17.99,4548700
1/29/2008,17.33,2797500
1/28/2008,17.16,2329700
1/25/2008,19,4421500
1/24/2008,18.92,5005300
1/23/2008,18.2,4303300
1/22/2008,17.97,2874900
1/21/2008,19.97,3201000
1/18/2008,21.28,2767600
1/17/2008,21.73,4132300
1/16/2008,21.41,2290400
1/15/2008,21.78,5419700
1/14/2008,21.28,4561300
1/11/2008,21.78,4425600
1/10/2008,22.16,4039000
1/9/2008,23.08,4987200
1/8/2008,22.72,4538700
1/7/2008,23.23,5341200
1/4/2008,23.42,5629600
1/3/2008,23.33,7793700
1/2/2008,22.06,3888600
12/28/2007,22.38,2063400
12/27/2007,22.44,1881400
12/26/2007,22.44,2100300
12/25/2007,22.14,3558300
12/24/2007,21.19,4771000
12/21/2007,20.32,1755300
12/20/2007,20.45,2168800
12/19/2007,20.22,2321000
12/18/2007,20.28,1637700
12/17/2007,20.37,2435000
12/14/2007,20.01,3495800
12/13/2007,19.85,4703500
12/12/2007,19.52,3514500
12/11/2007,18.43,2050200
12/10/2007,18.69,2747100
12/7/2007,17.92,2590700
12/6/2007,17.79,1790900
12/5/2007,18.14,2170100
12/4/2007,18.25,835200
12/3/2007,18.08,603900
11/30/2007,18.07,692600
11/29/2007,18.28,1133600
11/28/2007,17.99,1156700
11/27/2007,18.43,919200
11/26/2007,19.01,1979400
11/23/2007,18.68,929900
11/22/2007,18.68,1371400
11/21/2007,19.79,1352400
11/20/2007,20.01,1399500
11/19/2007,19.99,681500
11/16/2007,19.87,675400
11/15/2007,20.05,675200
11/14/2007,20.4,994300
11/13/2007,20.14,1572400
11/12/2007,19.48,1355200
11/9/2007,19.01,757300
11/8/2007,19.22,663700
11/7/2007,19.82,743500
11/6/2007,19.8,605900
11/5/2007,19.75,866000
11/2/2007,19.53,1042100
11/1/2007,20.68,1012000
10/31/2007,21.22,2764900
10/30/2007,19.88,1998700
10/29/2007,18.16,1198400
10/26/2007,17.78,2761300
10/25/2007,17.2,1686800
10/24/2007,18.45,1312100
10/23/2007,19.3,2460300
10/22/2007,18.89,2360900
10/19/2007,19.95,2061900
10/18/2007,20.81,2103900
10/17/2007,21.44,1051100
10/16/2007,22.12,1956800
10/15/2007,21.91,1853600
10/12/2007,22.39,2866900
10/11/2007,22.62,2367200
10/10/2007,22.98,1829500
10/9/2007,23.08,1738100
10/8/2007,22.98,2708500
9/28/2007,22.92,2688000
9/27/2007,22.49,1087300
9/26/2007,22.38,1412200
9/25/2007,22.36,1448200
9/24/2007,22.88,1763700
9/21/2007,22.81,3215100
9/20/2007,23.22,1860500
9/19/2007,23.55,5225100
9/18/2007,22.37,2230500
9/17/2007,22.36,2620900
9/14/2007,22.46,1620600
9/13/2007,22.37,1849000
9/12/2007,22.2,3834000
9/11/2007,21.38,2272300
9/10/2007,23.24,2891200
9/7/2007,22.34,3294800
9/6/2007,22.83,3104200
9/5/2007,23.4,2035800
9/4/2007,23.7,2437500
9/3/2007,23.99,3993900
8/31/2007,23.1,1911100
8/30/2007,23.11,4279500
8/29/2007,22.61,3181800
8/28/2007,23.1,2549100
8/27/2007,23.48,4574600
8/24/2007,23.35,6835800
8/23/2007,22.99,8388900
8/22/2007,20.9,4879200
8/21/2007,20.78,3723000
8/20/2007,20.6,3744400
8/17/2007,19.65,2532600
8/16/2007,20,3177600
8/15/2007,19.67,3442200
8/14/2007,19.93,3962300
8/10/2007,19.16,3644700
8/9/2007,19.05,3884100
8/8/2007,19.23,4391400
8/7/2007,19.93,4563200
8/6/2007,20.46,5922400
8/3/2007,20.42,6296700
8/2/2007,19.79,6440700
8/1/2007,18.45,8322400
7/31/2007,18.59,5625100
7/27/2007,17.59,6123800
7/26/2007,18.09,5171700
7/25/2007,17.86,5843500
7/24/2007,17.34,11967900
7/23/2007,17.02,14885300
7/20/2007,15.47,9173000
7/19/2007,14.9,6430700
7/18/2007,14.38,3295300
7/17/2007,14.25,3799100
7/13/2007,14.4,1992800
7/12/2007,14.41,4588400
7/10/2007,14.2,4157100
7/9/2007,14.37,5392200
7/6/2007,14.36,6412900
7/5/2007,13.91,7064000
7/4/2007,15.46,8340200
7/3/2007,16.21,14767000
7/2/2007,15.06,5910400
6/29/2007,14.6,6585300
6/28/2007,14.62,6591100
6/27/2007,15.37,8441800
6/26/2007,14.5,9744900
6/25/2007,13.71,11943300
6/22/2007,14.26,15644500
6/20/2007,14.98,8882800
6/19/2007,15.85,8540500
6/18/2007,15.18,8602000
6/15/2007,14.45,6972600
6/14/2007,14.31,9105700
6/13/2007,14.03,9577200
6/12/2007,13.81,17480900
6/11/2007,12.55,6653700
6/8/2007,11.41,7785000
6/7/2007,11.57,9007500
6/6/2007,10.62,9332500
6/5/2007,10.44,15284000
6/4/2007,10.79,8788200
5/31/2007,13.32,12719300
5/30/2007,14.8,9819100
5/29/2007,16.44,10217600
5/28/2007,16.19,13164800
5/25/2007,16.51,14069000
5/24/2007,15.37,18862900
5/23/2007,14.83,14212100
5/22/2007,15,26369200
5/18/2007,15.36,17918800
5/17/2007,13.96,14778500
5/16/2007,12.69,8116100
5/15/2007,11.99,9764700
5/14/2007,12.86,10957900
5/11/2007,12.77,12026000
5/9/2007,13.07,18584300
5/8/2007,12.62,21433300
4/30/2007,11.7,19526600
4/27/2007,10.64,10639400
4/26/2007,10.37,5924300
4/24/2007,10.62,12583500
4/23/2007,10.84,15149700
4/20/2007,10.06,13563000
4/19/2007,9.22,27971000
4/18/2007,9.87,18689900
4/17/2007,9.48,17063300
4/16/2007,8.91,8810300
4/13/2007,8.61,9812900
4/12/2007,9.15,8583000
4/11/2007,8.81,7772900
4/10/2007,8.79,5917700
4/9/2007,8.66,6698700
4/6/2007,8.72,5010900
4/5/2007,8.54,5188400
4/4/2007,8.33,3449300
4/3/2007,8.3,4246800
4/2/2007,8.22,3801000
3/30/2007,7.94,2998100
3/29/2007,7.9,5161900
3/28/2007,8.29,8766700
3/27/2007,8.39,8380300
3/26/2007,7.86,6465400
3/23/2007,7.71,9325600
3/22/2007,7.27,6859500
3/21/2007,7.38,14070500
3/19/2007,7.19,7315600
3/16/2007,7.01,7359900
3/15/2007,7.21,5665100
3/14/2007,7.17,7060900
3/13/2007,7.43,9339600
3/12/2007,7.13,5128200
3/9/2007,7.07,9238300
3/8/2007,7.25,12332100
3/7/2007,6.91,11295400
3/6/2007,6.8,11578300
3/5/2007,6.39,12607300
3/2/2007,6.85,4518000
3/1/2007,6.6,5973600
2/28/2007,7.07,8817300
2/27/2007,7.07,6898100
2/26/2007,7.86,4302200
2/16/2007,7.45,4700500
2/15/2007,7.32,5356100
2/14/2007,7.13,6131000
2/13/2007,6.89,4382100
2/12/2007,6.47,3475800
2/9/2007,6.32,3411200
2/8/2007,6.17,4149900
2/7/2007,6.15,5025700
2/6/2007,5.92,2797100
2/5/2007,5.89,3087000
2/2/2007,6,4513400
2/1/2007,6.01,5167400
1/31/2007,6.1,8500800
1/30/2007,6.3,8718800
1/29/2007,6.01,5262300
1/26/2007,5.81,6434900
1/25/2007,5.76,7167800
1/24/2007,6.01,6338400
1/23/2007,5.84,10417300
1/22/2007,6.05,8122700
1/19/2007,5.99,10385200
1/18/2007,5.69,6753600
1/17/2007,5.3,7335600
1/16/2007,5.16,7342100
1/15/2007,5.24,12169400
1/12/2007,4.94,9192600
1/11/2007,4.81,6611800
1/10/2007,4.75,7734300
1/9/2007,4.66,9601700
1/8/2007,4.5,7349700
1/5/2007,4.32,8402000
12/29/2006,4.24,6658300
12/28/2006,4.16,5052200
12/27/2006,4.17,7549500
12/26/2006,4.1,4961100
12/25/2006,4.09,6867000
12/22/2006,4.06,6914100
12/21/2006,4.21,9517000
12/20/2006,4.36,17255700
10/19/2006,4.52,4713300
10/18/2006,4.66,2399700
10/17/2006,4.7,4638300
9/22/2006,5.1,4626300
9/21/2006,5.24,8661300
9/20/2006,4.86,2211200
9/19/2006,4.8,2548900
9/18/2006,4.77,4097200
9/15/2006,4.61,2378500
9/14/2006,4.54,3098100
9/13/2006,4.34,600100
9/12/2006,4.36,1058700
9/11/2006,4.35,787000
9/8/2006,4.32,461000
9/7/2006,4.31,688300
9/6/2006,4.4,1059100
9/5/2006,4.23,929500
9/4/2006,4.23,523700
9/1/2006,4.22,556200
8/31/2006,4.38,663100
8/30/2006,4.37,528000
8/29/2006,4.36,845200
8/28/2006,4.44,806300
8/25/2006,4.38,1277200
8/24/2006,4.44,1069500
8/23/2006,4.33,1327600
8/22/2006,4.23,397100
8/21/2006,4.22,674900
8/18/2006,4.22,733700
8/17/2006,4.2,724800
8/16/2006,4.3,426100
8/15/2006,4.28,287300
8/14/2006,4.16,470500
8/11/2006,4.27,760400
8/10/2006,4.15,676000
8/9/2006,4.07,649700
8/8/2006,4.19,903900
8/7/2006,4.08,481800
8/4/2006,4.2,680400
8/3/2006,4.47,675800
8/2/2006,4.39,681100
8/1/2006,4.38,901900
7/31/2006,4.46,1088400
7/28/2006,4.68,2157300
7/27/2006,4.79,2233800
7/26/2006,4.86,2218800
7/25/2006,4.81,3306800
7/24/2006,4.84,3509800
7/21/2006,4.55,1160500
7/20/2006,4.62,1708800
7/19/2006,4.51,2673600
7/18/2006,4.95,4663500
7/17/2006,4.5,668400
7/14/2006,4.5,1159200
7/13/2006,4.4,2493200
7/12/2006,4.89,3289700
7/11/2006,5,1985700
7/10/2006,4.71,992600
7/7/2006,4.7,1142700
7/6/2006,4.7,1518500
7/5/2006,4.51,1076700
7/4/2006,4.68,2193000
7/3/2006,4.82,1682900
6/30/2006,4.85,2085500
6/29/2006,5,3247500
6/28/2006,4.85,2242700
6/27/2006,4.64,749100
6/26/2006,4.66,1802700
6/23/2006,4.5,1196400
6/22/2006,4.45,1940300
6/21/2006,4.38,1105000
6/20/2006,4.44,1573100
6/19/2006,4.43,1625700
6/16/2006,4.38,1150000
6/15/2006,4.21,668600
6/14/2006,4.24,802900
6/13/2006,4.34,1788300
6/12/2006,4.18,1071800
6/9/2006,4.18,1982800
6/8/2006,4.38,2174700
6/7/2006,4.55,2830200
6/6/2006,5.05,2797500
6/5/2006,5.11,2872600
6/2/2006,5.18,3757000
6/1/2006,5.21,3714000
5/31/2006,5.06,5968400
5/30/2006,4.96,3822300
5/29/2006,4.77,4639600
5/26/2006,4.81,5192200
5/25/2006,4.63,5252600
5/24/2006,4.27,2723900
5/23/2006,4.36,4342200
5/22/2006,4.73,0
5/19/2006,4.73,4979300
5/18/2006,4.49,7771600
5/17/2006,4.77,8840300
5/16/2006,5.02,10649400
5/15/2006,4.56,10838000
5/12/2006,4.15,7677200
5/11/2006,3.77,13229300
5/10/2006,3.77,2459900
5/9/2006,3.43,5047900
5/8/2006,3.12,3997800
5/5/2006,3.02,0
5/4/2006,3.02,0
5/3/2006,3.02,0
5/2/2006,3.02,0
5/1/2006,3.02,0
4/28/2006,3.02,3007900
4/27/2006,2.93,4678700
4/26/2006,2.86,2906000
4/25/2006,2.6,2148600
4/24/2006,2.68,1800200
4/21/2006,2.68,2325400
4/20/2006,2.74,3134200
4/19/2006,2.92,2398200
4/18/2006,2.83,1386300
4/17/2006,2.88,1223000
4/14/2006,2.88,1265900
4/13/2006,2.8,1804000
4/12/2006,2.94,1175400
4/11/2006,2.97,2937200
4/10/2006,2.94,3437400
4/7/2006,2.84,1808300
4/6/2006,2.83,4095000
4/5/2006,2.89,5094100
4/4/2006,2.72,909700
4/3/2006,2.7,912600
3/31/2006,2.68,860600
3/30/2006,2.72,1035500
3/29/2006,2.78,1645100
3/28/2006,2.76,907800
3/27/2006,2.72,871100
3/24/2006,2.7,688200
3/23/2006,2.76,1213900
3/22/2006,2.76,2156800
3/21/2006,2.69,990800
3/20/2006,2.67,875600
3/17/2006,2.64,1720400
3/16/2006,2.69,424800
3/15/2006,2.7,382500
3/14/2006,2.68,312900
3/13/2006,2.69,822200
3/10/2006,2.66,457200
3/9/2006,2.67,867200
3/8/2006,2.72,1225700
3/7/2006,2.79,1417000
3/6/2006,2.8,667600
3/3/2006,2.83,1000200
3/2/2006,2.85,1095300
3/1/2006,2.91,906800
2/28/2006,2.92,1142300
2/27/2006,2.9,1204000
2/24/2006,2.93,2053100
2/23/2006,2.92,1739800
2/22/2006,2.91,1887000
2/21/2006,2.9,2109900
2/20/2006,2.88,1727100
2/17/2006,2.93,2041500
2/16/2006,3,0
2/15/2006,3,4283600
2/14/2006,3.04,3615800
2/13/2006,3.05,2626700
2/10/2006,2.94,1294700
2/9/2006,2.93,1305200
2/8/2006,2.96,2108900
2/7/2006,2.92,2602200
2/6/2006,2.86,3938100
2/3/2006,2.93,0
2/2/2006,2.93,0
2/1/2006,2.93,0
1/31/2006,2.93,0
1/30/2006,2.93,0
1/27/2006,2.93,0
1/26/2006,2.93,0
1/25/2006,2.93,3843700
1/24/2006,3.26,3109600
1/23/2006,3.2,2352100
1/20/2006,3.19,1949900
1/19/2006,3.2,1816400
1/18/2006,3.16,1531800
1/17/2006,3.1,1123700
1/16/2006,3.15,1261700
1/13/2006,3.22,1316200
1/12/2006,3.23,1764700
1/11/2006,3.18,4251200
1/10/2006,3.14,1971500
1/9/2006,3.08,1466400
1/6/2006,3.07,2363400
1/5/2006,3.06,2718000
1/4/2006,2.98,1162300
1/3/2006,2.95,0
1/2/2006,2.95,0
12/30/2005,2.95,1441800
12/29/2005,2.98,1984300
12/28/2005,2.93,348400
12/27/2005,2.92,762900
12/26/2005,2.96,1223100
12/23/2005,2.94,890400
12/22/2005,2.91,497600
12/21/2005,2.87,517400
12/20/2005,2.91,416200
12/19/2005,2.94,929800
12/16/2005,2.95,1367000
12/15/2005,2.92,771400
12/14/2005,2.96,807800
12/13/2005,2.95,836200
12/12/2005,2.96,1250200
12/9/2005,2.93,873300
12/8/2005,2.9,542200
12/7/2005,2.9,462100
12/6/2005,2.89,307400
12/5/2005,2.89,1039100
12/2/2005,2.98,540200
12/1/2005,3.06,611700
11/30/2005,3.09,1282500
11/29/2005,3.06,871100
11/28/2005,3.07,902400
11/25/2005,3.12,436300
11/24/2005,3.13,677300
11/23/2005,3.14,1134200
11/22/2005,3.13,1105500
11/21/2005,3.26,3669900
11/18/2005,3.14,2209800
11/17/2005,3.02,1493800
11/16/2005,2.99,887400
11/15/2005,2.96,899500
11/14/2005,2.98,674700
11/11/2005,2.97,2371800
11/10/2005,3.11,2123100
11/9/2005,3.27,1702100
11/8/2005,3.27,1646800
11/7/2005,3.27,1989300
11/4/2005,3.16,1691400
11/3/2005,3.24,2302600
11/2/2005,3.3,2740800
11/1/2005,3.26,3394100
10/31/2005,3.48,7639600
10/28/2005,3.69,15022800
10/27/2005,3.59,10460900
10/26/2005,3.26,2822500
10/25/2005,3.3,1824500
10/24/2005,3.35,860200
10/21/2005,3.3,1078700
10/20/2005,3.34,1326000
10/19/2005,3.26,724100
10/18/2005,3.22,540400
10/17/2005,3.18,497700
10/14/2005,3.2,524300
10/13/2005,3.33,287300
10/12/2005,3.37,635100
10/11/2005,3.35,383500
10/10/2005,3.3,331500
10/7/2005,3.36,0
10/6/2005,3.36,0
10/5/2005,3.36,0
10/4/2005,3.36,0
10/3/2005,3.36,0
9/30/2005,3.36,1139100
9/29/2005,3.35,1619400
9/28/2005,3.22,903100
9/27/2005,3.12,618900
9/26/2005,3.22,369900
9/23/2005,3.22,621000
9/22/2005,3.28,1359600
9/21/2005,3.41,1123500
9/20/2005,3.54,1151800
9/19/2005,3.62,1417300
9/16/2005,3.5,1041300
9/15/2005,3.55,1029400
9/14/2005,3.58,1463300
9/13/2005,3.58,1379500
9/12/2005,3.51,897200
9/9/2005,3.56,3101100
9/8/2005,3.51,1157400
9/7/2005,3.52,1470400
9/6/2005,3.39,2753700
9/5/2005,3.53,6331000
9/2/2005,3.37,3270200
9/1/2005,3.37,4773300
8/31/2005,3.11,1008700
8/30/2005,3.05,457900
8/29/2005,3.05,750500
8/26/2005,3.13,847500
8/25/2005,3.09,936900
8/24/2005,3.13,660400
8/23/2005,3.12,1391700
8/22/2005,3.22,1708900
8/19/2005,3.28,5049300
8/18/2005,3.08,3469000
8/17/2005,3.15,1835500
8/16/2005,3.07,1159100
8/15/2005,3.07,966500
8/12/2005,3,1778600
8/11/2005,3.1,1603400
8/10/2005,3.1,1593900
8/9/2005,3.12,2011800
8/8/2005,3.16,2324500
8/5/2005,3.04,1712500
8/4/2005,2.92,720000
8/3/2005,2.97,1563900
8/2/2005,2.99,1244500
8/1/2005,2.93,1078900
7/29/2005,2.96,1854600
7/28/2005,2.96,3010800
7/27/2005,2.84,983200
7/26/2005,2.82,1092900
7/25/2005,2.76,1038400
7/22/2005,2.76,1355000
7/21/2005,2.59,819000
7/20/2005,2.68,444900
7/19/2005,2.68,516500
7/18/2005,2.65,683300
7/15/2005,2.63,753700
7/14/2005,2.74,908300
7/13/2005,2.73,1387900
7/12/2005,2.8,3920300
7/11/2005,2.69,2615600
7/8/2005,2.47,0
7/7/2005,2.47,187800
7/6/2005,2.47,166300
7/5/2005,2.48,226000
7/4/2005,2.48,665000
7/1/2005,2.68,1133800
6/30/2005,2.98,417800
6/29/2005,3.06,797400
6/28/2005,3.03,1024400
6/27/2005,2.99,660800
6/24/2005,2.92,308400
6/23/2005,2.93,315600
6/22/2005,2.98,307900
6/21/2005,2.97,300000
6/20/2005,3.02,641000
6/17/2005,2.95,520700
6/16/2005,3.04,338700
6/15/2005,3.06,639300
6/14/2005,3.19,454200
6/13/2005,3.28,368000
6/10/2005,3.28,782300
6/9/2005,3.3,996700
6/8/2005,3.35,2600300
6/7/2005,3.14,338900
6/6/2005,3.15,786400
6/3/2005,3.14,1033100
6/2/2005,3.06,336000
6/1/2005,3.09,125000
5/31/2005,3.12,289600
5/30/2005,3.15,601400
5/27/2005,2.99,120300
5/26/2005,2.98,141500
5/25/2005,3.07,491300
5/24/2005,3.05,719300
5/23/2005,2.95,767200
5/20/2005,3.08,164300
5/19/2005,3.13,352900
5/18/2005,3.08,233800
5/17/2005,3.09,281800
5/16/2005,2.99,119600
5/13/2005,3.01,182300
5/12/2005,2.99,168800
5/11/2005,2.95,147700
5/10/2005,2.9,164400
5/9/2005,2.9,270600
5/6/2005,3.06,0
5/5/2005,3.06,0
5/4/2005,3.06,0
5/3/2005,3.06,0
5/2/2005,3.06,0
4/29/2005,3.06,202600
4/28/2005,3.09,376500
4/27/2005,3.04,591300
4/26/2005,3.06,509700
4/25/2005,3.04,611700
4/22/2005,3.28,325900
4/21/2005,3.39,482200
4/20/2005,3.55,0
4/19/2005,3.55,227800
4/18/2005,3.49,244100
4/15/2005,3.51,187300
4/14/2005,3.62,267100
4/13/2005,3.68,332000
4/12/2005,3.58,399200
4/11/2005,3.72,299600
4/8/2005,3.7,647500
4/7/2005,3.69,629900
4/6/2005,3.58,855900
4/5/2005,3.72,415800
4/4/2005,3.85,196400
4/1/2005,3.92,363400
3/31/2005,3.86,169700
3/30/2005,3.81,279500
3/29/2005,3.87,331700
3/28/2005,3.95,411800
3/25/2005,4.03,540400
3/24/2005,4.02,499200
3/23/2005,3.89,599400
3/22/2005,4,814000
3/21/2005,3.95,511300
3/18/2005,3.76,280100
3/17/2005,3.76,576400
3/16/2005,3.77,1418800
3/15/2005,4.03,1510800
3/14/2005,4.21,1789800
3/11/2005,4.23,2666400
3/10/2005,3.98,1630300
3/9/2005,3.96,515800
3/8/2005,4,650000
3/7/2005,3.96,786300
3/4/2005,3.96,2082300
3/3/2005,4.07,1536600
3/2/2005,3.7,327200
3/1/2005,3.73,448400
2/28/2005,3.72,436000
2/25/2005,3.84,533700
2/24/2005,3.87,458800
2/23/2005,3.92,642100
2/22/2005,3.9,660200
2/21/2005,3.79,364900
2/18/2005,3.71,308800
2/17/2005,3.72,216500
2/16/2005,3.67,322700
2/15/2005,3.64,0
2/14/2005,3.64,0
2/11/2005,3.64,0
2/10/2005,3.64,0
2/9/2005,3.64,0
2/8/2005,3.64,0
2/7/2005,3.64,0
2/4/2005,3.64,364500
2/3/2005,3.57,589700
2/2/2005,3.74,712800
2/1/2005,3.53,513800
1/31/2005,3.65,1150500
1/28/2005,3.93,958200
1/27/2005,4.04,571200
1/26/2005,4.08,667200
1/25/2005,4.1,1488400
1/24/2005,4.13,1732500
1/21/2005,4.13,2984000
1/20/2005,4.05,1268700
1/19/2005,4.15,3150300
1/18/2005,3.89,1313700
1/17/2005,3.84,2925000
1/14/2005,3.59,279000
1/13/2005,3.57,322400
1/12/2005,3.53,193100
1/11/2005,3.52,224700
1/10/2005,3.56,197600
1/7/2005,3.5,501800
1/6/2005,3.7,79100
1/5/2005,3.7,84000
1/4/2005,3.65,89400
1/3/2005,3.73,0
12/31/2004,3.73,203600
12/30/2004,3.73,92200
12/29/2004,3.75,291700
12/28/2004,3.73,138500
12/27/2004,3.75,71300
12/24/2004,3.76,119500
12/23/2004,3.82,65800
12/22/2004,3.92,202000
12/21/2004,3.78,74500
12/20/2004,3.82,115400
12/17/2004,3.84,192100
12/16/2004,3.79,166200
12/15/2004,3.86,132300
12/14/2004,3.91,99500
12/13/2004,3.96,151000
12/10/2004,3.96,324100
12/9/2004,4.06,145700
12/8/2004,4.08,97800
12/7/2004,4.07,170800
12/6/2004,4.2,571600
12/3/2004,4.1,255000
12/2/2004,4.09,207300
12/1/2004,4.04,165200
11/30/2004,4.01,266500
11/29/2004,4.09,376100
11/26/2004,4.2,388000
11/25/2004,4.24,822200
11/24/2004,4.17,1041400
11/23/2004,4.09,331900
11/22/2004,4.13,428900
11/19/2004,4.1,239200
11/18/2004,4.09,121500
11/17/2004,4.04,323200
11/16/2004,4.09,496000
11/15/2004,4.04,161700
11/12/2004,3.98,175100
11/11/2004,4,548400
11/10/2004,4.03,402100
11/9/2004,3.88,107200
11/8/2004,3.84,156400
11/5/2004,3.89,495000
11/4/2004,4,276800
11/3/2004,4.09,228700
11/2/2004,3.99,177500
11/1/2004,4.03,311900
10/29/2004,4.1,494300
10/28/2004,4.32,449700
10/27/2004,4.22,474600
10/26/2004,4.26,154600
10/25/2004,4.28,297400
10/22/2004,4.27,287500
10/21/2004,4.43,273300
10/20/2004,4.59,136300
10/19/2004,5.94,462600
10/18/2004,6.13,359000
10/15/2004,6.02,262200
10/14/2004,5.99,448200
10/13/2004,5.97,167100
10/12/2004,5.95,303600
10/11/2004,6.12,330300
10/8/2004,6.19,207600
10/7/2004,6.08,0
10/6/2004,6.08,0
10/5/2004,6.08,0
10/4/2004,6.08,0
10/1/2004,6.08,0
9/30/2004,6.08,337400
9/29/2004,6.23,291200
9/28/2004,6.39,290200
9/27/2004,6.28,315700
9/24/2004,6.26,899800
9/23/2004,6.46,530400
9/22/2004,6.37,697200
9/21/2004,6.47,1895300
9/20/2004,6.26,0
9/17/2004,6.26,814200
9/16/2004,6.1,618600
9/15/2004,6.09,1060800
9/14/2004,5.9,203200
9/13/2004,5.63,82900
9/10/2004,5.75,44800
9/9/2004,5.8,64400
9/8/2004,5.82,79300
9/7/2004,5.93,34200
9/6/2004,5.87,41000
9/3/2004,5.94,44200
9/2/2004,5.91,85700
9/1/2004,5.86,86500
8/31/2004,5.96,168500
8/30/2004,5.88,95400
8/27/2004,5.88,92600
8/26/2004,5.96,108400
8/25/2004,6,118900
8/24/2004,5.98,208800
8/23/2004,5.88,59000
8/20/2004,5.88,143200
8/19/2004,5.82,66800
8/18/2004,5.89,101400
8/17/2004,5.81,129300
8/16/2004,5.69,116500
8/13/2004,5.68,67300
8/12/2004,5.82,101500
8/11/2004,5.89,65800
8/10/2004,5.95,43900
8/9/2004,5.89,86100
8/6/2004,5.85,71900
8/5/2004,5.9,224900
8/4/2004,5.89,291200
8/3/2004,5.66,48200
8/2/2004,5.65,71100
7/30/2004,5.79,107100
7/29/2004,5.85,131200
7/28/2004,5.72,165900
7/27/2004,5.76,250700
7/26/2004,5.72,259500
7/23/2004,5.96,159800
7/22/2004,5.94,322300
7/21/2004,6.2,127600
7/20/2004,6.2,198400
7/19/2004,6.29,639800
7/16/2004,6.34,1267600
7/15/2004,6.19,378700
7/14/2004,6.18,576000
7/13/2004,6.08,191300
7/12/2004,5.9,72900
7/9/2004,5.99,68200
7/8/2004,6.09,71700
7/7/2004,6,83000
7/6/2004,6.06,120800
7/5/2004,6.03,99800
7/2/2004,6.05,117700
7/1/2004,6.07,224600
6/30/2004,5.86,158900
6/29/2004,6.01,149300
6/28/2004,5.84,110200
6/25/2004,5.93,155900
6/24/2004,6,85400
6/23/2004,6.07,92300
6/22/2004,6.15,153900
6/21/2004,6.19,109900
6/18/2004,6.09,157600
6/17/2004,6.06,98400
6/16/2004,6.22,155000
6/15/2004,6.07,171800
6/14/2004,5.91,148300
6/11/2004,6.17,124500
6/10/2004,6.16,148400
6/9/2004,6.14,338300
6/8/2004,6.3,149100
6/7/2004,6.44,189100
6/4/2004,6.34,147600
6/3/2004,6.35,185100
6/2/2004,6.38,303600
6/1/2004,6.48,305000
5/31/2004,6.36,266900
5/28/2004,6.37,0
5/27/2004,6.37,254300
5/26/2004,6.24,302000
5/25/2004,6.24,768400
5/24/2004,6.78,131800
5/21/2004,6.87,101000
5/20/2004,6.83,122900
5/19/2004,7,346700
5/18/2004,6.95,178400
5/17/2004,6.77,129600
5/14/2004,6.77,240000
5/13/2004,6.88,281400
5/12/2004,7,332600
5/11/2004,6.81,217400
5/10/2004,6.66,230100
5/7/2004,6.73,0
5/6/2004,6.73,0
5/5/2004,6.73,0
5/4/2004,6.73,0
5/3/2004,6.73,0
4/30/2004,6.73,394200
4/29/2004,6.51,627600
4/28/2004,6.77,797300
4/27/2004,6.99,757800
4/26/2004,7.34,624300
4/23/2004,7.26,631700
4/22/2004,7.18,657300
4/21/2004,7.35,487600
4/20/2004,7.47,1016800
4/19/2004,7.29,1143600
4/16/2004,7.62,943000
4/15/2004,7.7,1858000
4/14/2004,7.81,1908200
4/13/2004,8.18,3012200
4/12/2004,8,1920600
4/9/2004,7.64,2427400
4/8/2004,7.9,2826000
4/7/2004,7.57,1321400
4/6/2004,7.75,2672900
4/5/2004,7.48,1378200
4/2/2004,7.31,1061300
4/1/2004,7.29,875500
3/31/2004,7.24,1240300
3/30/2004,7.14,691600
3/29/2004,7.07,991600
3/26/2004,7.27,2498500
3/25/2004,7.18,1319100
3/24/2004,6.95,488000
3/23/2004,7,452800
3/22/2004,7.09,767400
3/19/2004,6.98,700900
3/18/2004,6.82,1012200
3/17/2004,6.95,699900
3/16/2004,6.93,828900
3/15/2004,6.73,721400
3/12/2004,6.61,354500
3/11/2004,6.68,673900
3/10/2004,6.58,611000
3/9/2004,6.49,442200
3/8/2004,6.67,470200
3/5/2004,6.87,795400
3/4/2004,6.78,709100
3/3/2004,6.79,906700
3/2/2004,6.88,684700
3/1/2004,6.91,699700
2/27/2004,6.77,695400
2/26/2004,6.7,1111600
2/25/2004,6.71,1042200
2/24/2004,6.91,1500100
2/23/2004,7.15,1494500
2/20/2004,7.29,949300
2/19/2004,7.31,1684200
2/18/2004,7.4,1746900
2/17/2004,7.29,2088700
2/16/2004,7.18,2223900
2/13/2004,6.98,0
2/12/2004,6.98,1824100
2/11/2004,6.84,1564300
2/10/2004,6.92,1689300
2/9/2004,6.99,1189800
2/6/2004,6.82,1980600
2/5/2004,7.17,2622700
2/4/2004,6.96,1911300
2/3/2004,6.92,1889600
2/2/2004,6.86,2147700
1/30/2004,6.67,3798800
1/29/2004,6.51,1511300
1/28/2004,6.23,0
1/27/2004,6.23,0
1/26/2004,6.23,0
1/23/2004,6.23,0
1/22/2004,6.23,0
1/21/2004,6.23,0
1/20/2004,6.23,0
1/19/2004,6.23,0
1/16/2004,6.23,1551600
1/15/2004,6.29,1098000
1/14/2004,6.23,1084100
1/13/2004,6.32,2572500
1/12/2004,6.2,4054000
1/9/2004,5.64,1037800
1/8/2004,5.74,1192400
1/7/2004,5.53,951900
1/6/2004,5.45,1157700
1/5/2004,5.54,1344900
1/2/2004,5.62,314400
1/1/2004,5.62,0
12/31/2003,5.62,448800
12/30/2003,5.63,1041000
12/29/2003,5.85,505700
12/26/2003,5.98,565500
12/25/2003,5.96,1180700
12/24/2003,5.9,2634100
12/23/2003,5.83,1884100
12/22/2003,5.3,0
12/19/2003,5.3,2537500
12/18/2003,5.78,1331200
12/17/2003,6.05,865900
12/16/2003,6.14,1468000
12/15/2003,6.33,1084200
12/12/2003,6.38,839400
12/11/2003,6.45,1113300
12/10/2003,6.55,1010300
12/9/2003,6.49,697300
12/8/2003,6.48,1195100
12/5/2003,6.7,1950400
12/4/2003,6.87,3708000
12/3/2003,6.36,1581400
12/2/2003,6.31,1313900
12/1/2003,6.49,1067200
11/28/2003,6.35,852800
11/27/2003,6.24,1513300
11/26/2003,6.49,1586700
11/25/2003,6.55,3312800
11/24/2003,6.5,2255100
11/21/2003,6.2,3464200
11/20/2003,6.4,5415000
11/19/2003,6.08,2874700
11/18/2003,5.62,611000
11/17/2003,5.68,658800
11/14/2003,5.73,1261400
11/13/2003,5.82,1117400
11/12/2003,5.81,2024400
11/11/2003,6.09,2568100
11/10/2003,5.89,1688200
11/7/2003,5.68,1765400
11/6/2003,5.78,2640400
11/5/2003,5.71,4420600
11/4/2003,5.52,2866400
11/3/2003,5.35,2394700
10/31/2003,5.24,4366700
10/30/2003,4.79,2074300
10/29/2003,5.26,2401200
10/28/2003,5.4,0
10/27/2003,5.4,4271300
10/24/2003,4.91,684400
10/23/2003,5.17,194400
10/22/2003,5.21,413800
10/21/2003,5.16,294100
10/20/2003,5.28,106200
10/17/2003,5.4,72800
10/16/2003,5.4,94700
10/15/2003,5.5,166500
10/14/2003,5.5,109100
10/13/2003,5.56,104300
10/10/2003,5.6,303100
10/9/2003,5.44,89400
10/8/2003,5.44,57900
10/7/2003,5.42,0
10/6/2003,5.42,0
10/3/2003,5.42,0
10/2/2003,5.42,0
10/1/2003,5.42,0
9/30/2003,5.42,120400
9/29/2003,5.39,144400
9/26/2003,5.47,109100
9/25/2003,5.53,233700
9/24/2003,5.68,620400
9/23/2003,5.49,183400
9/22/2003,5.38,156400
9/19/2003,5.46,124100
9/18/2003,5.5,252700
9/17/2003,5.57,94400
9/16/2003,5.71,94200
9/15/2003,5.65,106800
9/12/2003,5.79,169700
9/11/2003,5.82,59500
9/10/2003,5.88,63000
9/9/2003,5.9,69200
9/8/2003,5.96,128900
9/5/2003,5.86,246000
9/4/2003,6,231700
9/3/2003,6,162100
9/2/2003,5.94,150800
9/1/2003,5.99,202300
8/29/2003,5.79,210800
8/28/2003,5.86,66300
8/27/2003,5.86,134900
8/26/2003,5.86,176000
8/25/2003,5.83,222300
8/22/2003,6.02,307900
8/21/2003,6.15,113600
8/20/2003,7.51,374600
8/19/2003,7.62,247600
8/18/2003,7.57,255900
8/15/2003,7.54,400300
8/14/2003,7.37,221400
8/13/2003,7.48,122700
8/12/2003,7.57,172000
8/11/2003,7.49,78600
8/8/2003,7.39,140300
8/7/2003,7.51,136500
8/6/2003,7.58,142600
8/5/2003,7.6,347500
8/4/2003,7.49,344600
8/1/2003,7.37,153600
7/31/2003,7.42,87800
7/30/2003,7.43,95100
7/29/2003,7.44,126000
7/28/2003,7.37,282300
7/25/2003,7.49,162100
7/24/2003,7.64,107800
7/23/2003,7.71,167800
7/22/2003,7.65,681500
7/21/2003,7.59,536000
7/18/2003,7.91,366500
7/17/2003,8.15,283200
7/16/2003,8.12,343100
7/15/2003,8.25,295500
7/14/2003,8.26,297600
7/11/2003,8.36,209600
7/10/2003,8.44,510000
7/9/2003,8.36,163900
7/8/2003,8.49,184400
7/7/2003,8.47,210600
7/4/2003,8.68,83100
7/3/2003,8.7,95200
7/2/2003,8.71,124300
7/1/2003,8.77,110900
6/30/2003,8.84,318200
6/27/2003,8.7,136100
6/26/2003,8.74,0
6/25/2003,8.74,92600
6/24/2003,8.8,128300
6/23/2003,8.65,171100
6/20/2003,8.8,108200
6/19/2003,8.88,171700
6/18/2003,8.98,163300
6/17/2003,9.03,159000
6/16/2003,8.97,224400
6/13/2003,9.04,191000
6/12/2003,8.95,184100
6/11/2003,8.95,272800
6/10/2003,8.8,183000
6/9/2003,8.74,359300
6/6/2003,8.9,352400
6/5/2003,9.11,262000
6/4/2003,9.34,364800
6/3/2003,9.33,413800
6/2/2003,9.46,507400
5/30/2003,9.3,961800
5/29/2003,9.17,516300
5/28/2003,9.15,471600
5/27/2003,9.26,277900
5/26/2003,9.18,445900
5/23/2003,9.15,658400
5/22/2003,9.15,719900
5/21/2003,9.29,901000
5/20/2003,9.4,4727200
5/19/2003,9.28,1637600
5/16/2003,8.95,882500
5/15/2003,8.97,1382000
5/14/2003,8.77,1094000
5/13/2003,8.45,862300
5/12/2003,8.78,1256900
5/9/2003,9.34,0
5/8/2003,9.34,0
5/7/2003,9.34,0
5/6/2003,9.34,0
5/5/2003,9.34,0
5/2/2003,9.34,0
5/1/2003,9.34,0
4/30/2003,9.34,1877900
4/29/2003,10.38,798000
4/28/2003,10.83,708200
4/25/2003,10.82,474200
4/24/2003,11.11,638400
4/23/2003,11.31,470600
4/22/2003,11.29,315800
4/21/2003,11.33,620900
4/18/2003,11.43,437100
4/17/2003,11.47,712200
4/16/2003,11.51,1578800
4/15/2003,11.55,1248700
4/14/2003,11.47,1695300
4/11/2003,11.23,1091600
4/10/2003,11.19,734700
4/9/2003,11.09,1026700
4/8/2003,10.91,597100
4/7/2003,10.98,370300
4/4/2003,10.85,127800
4/3/2003,10.81,138500
4/2/2003,10.91,138200
4/1/2003,11,481400
3/31/2003,10.95,241300
3/28/2003,10.86,267600
3/27/2003,10.93,822000
3/26/2003,10.66,248200
3/25/2003,10.65,214000
3/24/2003,10.78,119200
3/21/2003,10.78,214500
3/20/2003,10.71,161300
3/19/2003,10.7,233000
3/18/2003,10.68,140600
3/17/2003,10.81,231900
3/14/2003,10.86,158000
3/13/2003,10.88,146000
3/12/2003,11.03,208100
3/11/2003,10.98,204100
3/10/2003,10.92,394400
3/7/2003,11.2,327500
3/6/2003,11.25,385800
3/5/2003,11.51,603400
3/4/2003,11.55,460800
3/3/2003,11.52,514100
2/28/2003,11.37,327100
2/27/2003,11.41,422400
2/26/2003,11.52,385600
2/25/2003,11.53,1066400
2/24/2003,11.27,435500
2/21/2003,11.2,570600
2/20/2003,11.43,1622700
2/19/2003,11.38,594000
2/18/2003,11.41,579100
2/17/2003,11.31,552000
2/14/2003,11.29,600000
2/13/2003,11.27,609100
2/12/2003,11.26,404100
2/11/2003,11.26,529400
2/10/2003,10.95,133900
2/7/2003,10.96,0
2/6/2003,10.96,0
2/5/2003,10.96,0
2/4/2003,10.96,0
2/3/2003,10.96,0
1/31/2003,10.96,0
1/30/2003,10.96,0
1/29/2003,10.96,290900
1/28/2003,11.03,229100
1/27/2003,10.99,308900
1/24/2003,10.87,239200
1/23/2003,10.74,208600
1/22/2003,10.71,233400
1/21/2003,10.73,205000
1/20/2003,11.04,247800
1/17/2003,11.05,507700
1/16/2003,11.11,480100
1/15/2003,10.94,468000
1/14/2003,11.03,965900
1/13/2003,10.57,134800
1/10/2003,10.72,299300
1/9/2003,10.83,427300
1/8/2003,10.55,236300
1/7/2003,10.35,165700
1/6/2003,10.39,339800
1/3/2003,10.3,237100
1/2/2003,10.31,736000
1/1/2003,10.73,0
12/31/2002,10.73,1453000
12/30/2002,10.71,0
12/27/2002,10.71,614200
12/26/2002,10.92,288100
12/25/2002,11.42,254900
12/24/2002,11.43,196000
12/23/2002,11.43,692300
12/20/2002,11.45,728100
12/19/2002,11.32,399500
12/18/2002,11.25,526700
12/17/2002,11.52,657500
12/16/2002,11.56,1267600
12/13/2002,11.56,1514100
12/12/2002,11.35,897600
12/11/2002,11.3,2442500
12/10/2002,10.97,462100
12/9/2002,10.94,253900
12/6/2002,10.92,356700
12/5/2002,10.79,78200
12/4/2002,10.9,340100
12/3/2002,10.87,224200
12/2/2002,11.07,0
11/29/2002,11.07,986400
11/28/2002,10.79,733400
11/27/2002,10.47,300500
11/26/2002,10.51,664100
11/25/2002,10.5,245100
11/22/2002,10.48,268300
11/21/2002,10.48,250300
11/20/2002,10.85,52500
11/19/2002,11.22,113700
11/18/2002,10.98,63100
11/15/2002,11.15,174900
11/14/2002,11.05,141700
11/13/2002,11.25,156000
11/12/2002,11.27,298400
11/11/2002,11.46,123900
11/8/2002,11.64,670800
11/7/2002,11.97,343800
11/6/2002,11.94,456000
11/5/2002,12.07,1450800
11/4/2002,11.54,251900
11/1/2002,11.49,343000
10/31/2002,11.77,264500
10/30/2002,11.87,83500
10/29/2002,12,225100
10/28/2002,11.97,78300
10/25/2002,12.28,156800
10/24/2002,12.4,109800
10/23/2002,12.53,320000
10/22/2002,12.5,764600
10/21/2002,12.35,109600
10/18/2002,12.29,375100
10/17/2002,12.1,88300
10/16/2002,12.25,427900
10/15/2002,12.14,244900
10/14/2002,12.11,187700
10/11/2002,12.37,53000
10/10/2002,12.43,125300
10/9/2002,12.43,114400
10/8/2002,12.79,57800
10/7/2002,13.19,0
10/4/2002,13.19,0
10/3/2002,13.19,0
10/2/2002,13.19,0
10/1/2002,13.19,0
9/30/2002,13.19,0
9/27/2002,13.19,0
9/26/2002,13.19,422800
9/25/2002,13.18,542100
9/24/2002,13.18,132200
9/23/2002,13.24,104400
9/20/2002,13.26,87400
9/19/2002,13.35,230400
9/18/2002,13.13,42800
9/17/2002,13.25,124500
9/16/2002,13.27,63000
9/13/2002,13.44,65300
9/12/2002,13.47,160600
9/11/2002,13.4,105800
9/10/2002,13.43,62100
9/9/2002,13.43,70400
9/6/2002,13.6,174300
9/5/2002,13.66,91300
9/4/2002,13.84,111800
9/3/2002,13.82,290800
9/2/2002,13.82,393700
8/30/2002,13.75,126400
8/29/2002,13.72,344700
8/28/2002,13.76,281500
8/27/2002,13.75,314100
8/26/2002,13.67,213300
8/23/2002,13.71,0
8/22/2002,13.71,530400
8/21/2002,13.59,218300
8/20/2002,13.66,336100
8/19/2002,13.45,79100
8/16/2002,13.44,141300
8/15/2002,13.47,37900
8/14/2002,13.5,44100
8/13/2002,13.5,23100
8/12/2002,13.55,48300
8/9/2002,13.65,220700
8/8/2002,13.65,157300
8/7/2002,13.72,216600
8/6/2002,13.68,464000
8/5/2002,13.54,69700
8/2/2002,13.59,162300
8/1/2002,13.52,143700
7/31/2002,13.46,61400
7/30/2002,13.6,102900
7/29/2002,13.67,77900
7/26/2002,13.45,81200
7/25/2002,13.6,53400
7/24/2002,13.65,131000
7/23/2002,13.76,67100
7/22/2002,15.2,158700
7/19/2002,15.4,210700
7/18/2002,15.28,93900
7/17/2002,15.26,73500
7/16/2002,15.15,66100
7/15/2002,15.16,100600
7/12/2002,15.27,53900
7/11/2002,15.25,65800
7/10/2002,15.34,139300
7/9/2002,15.47,162500
7/8/2002,15.6,186200
7/5/2002,15.42,97600
7/4/2002,15.39,149300
7/3/2002,15.39,175300
7/2/2002,15.5,125300
7/1/2002,15.56,355600
6/28/2002,15.85,435000
6/27/2002,15.61,911900
6/26/2002,15.58,398900
6/25/2002,15.57,1677700
6/24/2002,16.09,3415300
6/21/2002,14.71,494400
6/20/2002,14.21,122300
6/19/2002,14.03,38300
6/18/2002,14.14,105600
6/17/2002,13.79,250300
6/14/2002,13.85,106600
6/13/2002,14.1,81400
6/12/2002,14.2,87700
6/11/2002,14.25,139100
6/10/2002,14.33,0
6/7/2002,14.33,283000
6/6/2002,14.33,322700
6/5/2002,13.84,110700
6/4/2002,14.29,125900
6/3/2002,14.29,238300
5/31/2002,14.48,102500
5/30/2002,14.7,218300
5/29/2002,14.75,169800
5/28/2002,15.1,164100
5/27/2002,14.88,63600
5/24/2002,14.71,102900
5/23/2002,14.98,189100
5/22/2002,14.7,155000
5/21/2002,15.02,357800
5/20/2002,14.67,267000
5/17/2002,14.87,263100
5/16/2002,14.7,355900
5/15/2002,14.86,276400
5/14/2002,15.17,225100
5/13/2002,15.17,213000
5/10/2002,15.25,380500
5/9/2002,15.56,264800
5/8/2002,15.75,384700
5/7/2002,15.9,0
5/6/2002,15.9,0
5/3/2002,15.9,0
5/2/2002,15.9,0
5/1/2002,15.9,0
4/30/2002,15.9,831800
4/29/2002,15.95,1528300
4/26/2002,15.5,922100
4/25/2002,15.49,1823800
4/24/2002,15.17,1143500
4/23/2002,14.89,92100
4/22/2002,14.92,58600
4/19/2002,14.9,128700
4/18/2002,14.8,75300
4/17/2002,14.9,89200
4/16/2002,14.88,85400
4/15/2002,15.03,260000
4/12/2002,15.12,164900
4/11/2002,15.12,264000
4/10/2002,15.29,398300
4/9/2002,15.17,238700
4/8/2002,14.87,201800
4/5/2002,14.79,131000
4/4/2002,14.92,287700
4/3/2002,14.65,261200
4/2/2002,14.33,157700
4/1/2002,14.67,131200
3/29/2002,14.54,389700
3/28/2002,15.05,178200
3/27/2002,15.06,285700
3/26/2002,15.11,351400
3/25/2002,15.56,349100
3/22/2002,15.49,417500
3/21/2002,15.54,644000
3/20/2002,15.51,927700
3/19/2002,15.63,1286600
3/18/2002,14.84,359400
3/15/2002,14.78,692100
3/14/2002,14.92,407600
3/13/2002,14.57,459500
3/12/2002,14.71,556400
3/11/2002,14.9,510300
3/8/2002,14.86,968000
3/7/2002,14.54,610600
3/6/2002,14.1,537300
3/5/2002,14.11,408400
3/4/2002,13.8,85400
3/1/2002,13.66,138500
2/28/2002,13.8,177200
2/27/2002,13.98,115400
2/26/2002,14.04,160100
2/25/2002,14.01,305900
2/22/2002,13.8,0
2/21/2002,13.8,0
2/20/2002,13.8,0
2/19/2002,13.8,0
2/18/2002,13.8,0
2/15/2002,13.8,0
2/14/2002,13.8,0
2/13/2002,13.8,0
2/12/2002,13.8,0
2/11/2002,13.8,0
2/8/2002,13.8,427700
2/7/2002,13.62,395900
2/6/2002,13.46,333700
2/5/2002,13.86,393000
2/4/2002,13.91,442700
2/1/2002,13.83,518300
1/31/2002,13.1,0
1/30/2002,13.1,221500
1/29/2002,13.1,421500
1/28/2002,12.58,285000
1/25/2002,13.42,537000
1/24/2002,13.54,909300
1/23/2002,13.29,527200
1/22/2002,12.43,289900
1/21/2002,12.39,371400
1/18/2002,12.67,395000
1/17/2002,12.81,237800
1/16/2002,13.74,260600
1/15/2002,13.41,360300
1/14/2002,13.79,633100
1/11/2002,14.7,595900
1/10/2002,14.95,532800
1/9/2002,14.53,190300
1/8/2002,14.75,170200
1/7/2002,15,267400
1/4/2002,14.85,499300
1/3/2002,15.76,0
1/2/2002,15.76,0
1/1/2002,15.76,0
12/31/2001,15.76,2032400
12/28/2001,15.52,1877300
12/27/2001,14.69,960000
12/26/2001,14.27,373100
12/25/2001,13.79,107900
12/24/2001,13.41,119700
12/21/2001,13.79,98900
12/20/2001,13.7,146800
12/19/2001,14.13,122900
12/18/2001,14.3,64700
12/17/2001,13.98,69400
12/14/2001,14.1,107300
12/13/2001,14.2,96700
12/12/2001,14.5,95100
12/11/2001,14.59,102200
12/10/2001,14.8,72000
12/7/2001,14.88,100700
12/6/2001,14.99,148100
12/5/2001,14.8,425500
12/4/2001,15.21,333500
12/3/2001,15,320400
11/30/2001,14.82,276700
11/29/2001,14.55,127300
11/28/2001,14.55,239300
11/27/2001,14.38,74500
11/26/2001,14.16,69000
11/23/2001,14.35,145800
11/22/2001,14.45,143300
11/21/2001,14.41,256300
11/20/2001,14.43,328800
11/19/2001,14.1,96800
11/16/2001,13.77,703300
11/15/2001,13.18,45200
11/14/2001,13.15,41100
11/13/2001,13.05,74700
11/12/2001,13.4,55800
11/9/2001,13.32,0
11/8/2001,13.32,189400
11/7/2001,13.2,275300
11/6/2001,14.03,52000
11/5/2001,14.07,65700
11/2/2001,14.3,101000
11/1/2001,14.35,143000
10/31/2001,14.15,116200
10/30/2001,14.15,79300
10/29/2001,14.39,127800
10/26/2001,14.1,211900
10/25/2001,14.18,403500
10/24/2001,14.62,1425800
10/23/2001,13.42,464900
10/22/2001,12.2,177400
10/19/2001,12.71,390700
10/18/2001,13.4,111400
10/17/2001,13.9,84500
10/16/2001,14.04,49600
10/15/2001,14.49,134000
10/12/2001,14.48,342800
10/11/2001,13.9,150100
10/10/2001,14.68,134900
10/9/2001,15.15,129300
10/8/2001,14.9,222100
10/5/2001,16.3,0
10/4/2001,16.3,0
10/3/2001,16.3,0
10/2/2001,16.3,0
10/1/2001,16.3,0
9/28/2001,16.3,0
9/27/2001,16.3,144300
9/26/2001,16.58,53100
9/25/2001,16.8,31900
9/24/2001,17,0
9/21/2001,17,67800
9/20/2001,17.09,104800
9/19/2001,17.1,66300
9/18/2001,16.83,60700
9/17/2001,16.7,115200
9/14/2001,17,126400
9/13/2001,17.1,83200
9/12/2001,17.1,246700
9/11/2001,17.41,127500
9/10/2001,17.38,117300
9/7/2001,17,187500
9/6/2001,17.37,65000
9/5/2001,17.39,195500
9/4/2001,17.35,125300
9/3/2001,17,98100
8/31/2001,17,88600
8/30/2001,17.04,224200
8/29/2001,16.98,109400
8/28/2001,16.95,177800
8/27/2001,16.65,242200
8/24/2001,17.16,182200
8/23/2001,17.27,228800
8/22/2001,17.35,525900
8/21/2001,17.29,337400
8/20/2001,17.2,135100
8/17/2001,17.15,152400
8/16/2001,17.16,144200
8/15/2001,17.63,141700
8/14/2001,17.7,686400
8/13/2001,17.2,230200
8/10/2001,17.14,0
8/9/2001,17.14,251800
8/8/2001,16.7,100500
8/7/2001,16.68,262600
8/6/2001,16.31,375300
8/3/2001,17.2,98100
8/2/2001,17.15,202300
8/1/2001,17.31,244000
7/31/2001,16.65,312100
7/30/2001,17.05,596300
7/27/2001,18.2,441500
7/26/2001,18.2,246400
7/25/2001,18.28,224800
7/24/2001,18.47,422900
7/23/2001,18.93,529100
7/20/2001,18.83,452100
7/19/2001,18.58,154700
7/18/2001,18.4,101000
7/17/2001,18.22,177200
7/16/2001,18.25,228200
7/13/2001,18.21,124400
7/12/2001,18.34,186300
7/11/2001,18.23,330000
7/10/2001,18.6,195900
7/9/2001,18.37,319500
7/6/2001,18.41,552900
7/5/2001,18.62,551300
7/4/2001,19.01,180100
7/3/2001,19.1,365100
7/2/2001,19.03,394700
6/29/2001,19.17,437200
6/28/2001,19.28,456800
6/27/2001,19.51,433800
6/26/2001,19.64,765400
6/25/2001,19.45,650100
6/22/2001,19.19,648400
6/21/2001,19.18,412600
6/20/2001,19.04,554000
6/19/2001,19.22,708800
6/18/2001,19.19,1578900
6/15/2001,19.68,1908100
6/14/2001,19,2048100
6/13/2001,19.68,1492600
6/12/2001,19.4,897900
6/11/2001,18.92,630400
6/8/2001,18.85,942600
6/7/2001,19.2,954800
6/6/2001,19.3,1959900
6/5/2001,18.87,1084400
6/4/2001,18.9,1298700
6/1/2001,18.5,402000
5/31/2001,18.58,755300
5/30/2001,18.39,367100
5/29/2001,18.07,314700
5/28/2001,18.05,374200
5/25/2001,18.27,290700
5/24/2001,18.39,735100
5/23/2001,18.18,642300
5/22/2001,18.52,891000
5/21/2001,18.7,1258000
5/18/2001,17.94,0
5/17/2001,17.94,706800
5/16/2001,18.12,434800
5/15/2001,18.18,549600
5/14/2001,18.33,360700
5/11/2001,18.26,287400
5/10/2001,18.3,405300
5/9/2001,18.2,527200
5/8/2001,18.03,249400
5/7/2001,17.81,0
5/4/2001,17.81,0
5/3/2001,17.81,0
5/2/2001,17.81,0
5/1/2001,17.81,0
4/30/2001,17.81,508700
4/27/2001,17.78,600000
4/26/2001,17.75,1118400
4/25/2001,18,1622600
4/24/2001,18.9,1468100
4/23/2001,18.43,1527800
4/20/2001,18.52,3705900
4/19/2001,18.2,1135400
4/18/2001,18.32,1804700
4/17/2001,18.09,1039000
4/16/2001,18.01,1227000
4/13/2001,17.8,671100
4/12/2001,17.71,763400
4/11/2001,17.58,424300
4/10/2001,17.62,690400
4/9/2001,17.26,311500
4/6/2001,17.2,289000
4/5/2001,17.25,428400
4/4/2001,17.09,573700
4/3/2001,17.47,461900
4/2/2001,17.6,613900
3/30/2001,17.44,459400
3/29/2001,17.1,352400
3/28/2001,17.18,315100
3/27/2001,17.31,358000
3/26/2001,17.25,344300
3/23/2001,16.97,713200
3/22/2001,17.14,512800
3/21/2001,16.95,339300
3/20/2001,16.87,276800
3/19/2001,16.88,347900
3/16/2001,16.85,414500
3/15/2001,16.96,406700
3/14/2001,16.65,0
3/13/2001,16.65,486500
3/12/2001,16.51,309400
3/9/2001,16.48,211900
3/8/2001,16.5,152200
3/7/2001,16.4,174300
3/6/2001,16.36,251700
3/5/2001,16.56,170200
3/2/2001,16.68,296200
3/1/2001,16.48,215600
2/28/2001,16.38,138800
2/27/2001,16.5,255700
2/26/2001,16.44,305500
2/23/2001,16.25,210700
2/22/2001,15.79,296700
2/21/2001,16.11,0
2/20/2001,16.11,259700
2/19/2001,16.27,232400
2/16/2001,15.95,583600
2/15/2001,16.2,372400
2/14/2001,16.5,154600
2/13/2001,16.55,166200
2/12/2001,16.53,200600
2/9/2001,16.53,264800
2/8/2001,16.26,381400
2/7/2001,16.79,253900
2/6/2001,17.06,375300
2/5/2001,17.02,407800
2/2/2001,17.57,0
2/1/2001,17.57,0
1/31/2001,17.57,0
1/30/2001,17.57,0
1/29/2001,17.57,0
1/26/2001,17.57,0
1/25/2001,17.57,0
1/24/2001,17.57,0
1/23/2001,17.57,0
1/22/2001,17.57,0
1/19/2001,17.57,465400
1/18/2001,17.37,343400
1/17/2001,17.25,406800
1/16/2001,17.5,448000
1/15/2001,17.35,967700
1/12/2001,17.87,736400
1/11/2001,18.08,838000
1/10/2001,18.38,877700
1/9/2001,17.91,1181100
1/8/2001,18.2,1614700
1/5/2001,18.28,1418900
1/4/2001,18.15,1401100
1/3/2001,17.91,1131500
1/2/2001,17.82,1320400
1/1/2001,17.62,0
12/29/2000,17.62,463200
12/28/2000,17.41,433600
12/27/2000,17.44,630500
12/26/2000,17.54,875800
12/25/2000,17.2,643600
12/22/2000,17.03,799200
12/21/2000,17.26,1102000
12/20/2000,17.38,833800
12/19/2000,17.04,509100
12/18/2000,17.22,745200
12/15/2000,16.95,1059500
12/14/2000,16.7,657900
12/13/2000,17.02,835500
12/12/2000,16.92,916900
12/11/2000,16.56,1592500
12/8/2000,17.06,1435000
12/7/2000,17.22,1948000
12/6/2000,17.55,2066800
12/5/2000,17.96,1914400
12/4/2000,17.75,2103400
12/1/2000,17.61,7549300
